{
    "appDescription": "",
    "icon": "app_logo.png",
    "main": "splash.html",
    "title": "RADIOCALIMA",
    "type": "web",
    "resolution": "1920x1080",
    "version": "0.0.1",
    "splashBackground": "images/splash-screen.jpg",
    "transparent":false,
    "handlesRelaunch":false,
    "bgColor": "#000000",
    "vendor": "Fusioni Technologies PVT. LTD.",
    "largeIcon": "app_logo.png",
    "iconColor": "#000000",
    "id": "com.radiocalima.app",
    "disableBackHistoryAPI":true
}